id;name;picture;picture_content_type;publication_date
1;Credit Card Account;52652d636f6e7465787475616c697a6564;image/png;2023-01-12T21:04:38
2;Point Orchestrator;476c6f76657320426564666f7264736869726520417267656e74696e65205065736f;image/png;2023-01-12T19:45:07
3;neural-net red;5175616c697479;image/png;2023-01-13T06:48:39
4;Cambridgeshire hacking;46696a6920446f6c6c61722050726f666f756e64204261636f6e;image/png;2023-01-12T16:46:50
5;Borders content-based;70696e6b206576656e2d6b65656c6564;image/png;2023-01-12T23:32:38
6;programming SCSI drive;4e6577205a65616c616e6420446f6c6c617220416c6162616d61207472616e73666f726d;image/png;2023-01-12T17:47:22
7;Supervisor clear-thinking;506f727473204d616e616765722046697368;image/png;2023-01-13T15:55:07
8;Bedfordshire;70726f6772616d20616c61726d;image/png;2023-01-13T08:57:33
9;Benin Berkshire;436f6f7264696e61746f722043616d627269646765736869726520496e766573746f72;image/png;2023-01-13T05:55:37
10;dot-com payment Libyan Dinar;63616c63756c617465;image/png;2023-01-13T15:18:21
