id;name;picture;picture_content_type
1;Representative;6261636b20757020466163746f7273;image/png
2;architectures;7265696e76656e74;image/png
3;eco-centric Bedfordshire mesh;4572676f6e6f6d696320436f6e637265746520536f6170205a616d6269616e204b7761636861;image/png
4;Concrete Bedfordshire;7265616c2d74696d6520646973637265746520726564756e64616e74;image/png
5;Synergistic Personal Loan Account Sleek;6f6c6976652048616e646372616674656420436f74746f6e204261636f6e20556e6272616e6465642046726573682050616e7473;image/png
6;incubate;47617264656e2044616c652057616c6c697320616e6420467574756e61;image/png
7;generating;696e74657266616365;image/png
8;compress lavender Investment Account;4972616e;image/png
9;Philippine Peso Metal;63617264204c6963656e73656420436f74746f6e2042616c6c;image/png
10;mindshare Gorgeous;6e617669676174696e67;image/png
